classification,A,B,relay_T,pooled_relay,pooled_reverse_relay,n_fwd,n_rev,evidence_summary,citations
KNOWN_DIRECTIONAL,IFN-omega,IFN-gamma,pDC,0.0213305,0.0153031,4,3,"Type I interferons (the family IFN-omega belongs to) are well-documented inducers of IFN-gamma in NK/NKT/T cells, and IFN-omega specifically enhances cytolytic CD8+ T cell IFN-gamma responses. The relay through pDC is plausible since pDCs are the pri",Type 1 Interferon Induction of Natural Killer Cell Gamma Interferon Production during LCMV Infection — https://journals.asm.org/doi/10.1128/mbio.00169-11; Human type-I interferon omega promotes cytolytic CD8+ T cell responses (bioRxiv 2025) — https://www.biorxiv.org/content/10.1101/2025.02.13.638030v1; IFN-alpha treatment stimulates IFN-gamma in type I NKT cells — https://www.ncbi.nlm.nih.gov/pmc/articles/PMC5333814/
KNOWN_DIRECTIONAL,IL-2,IFN-gamma,CD8 Naive,0.0175936,0.00787201,4,2,"IL-2 is well-established to induce IFN-gamma production in CD8+ T cells via STAT5/T-bet signaling, with multiple papers showing autocrine and paracrine IL-2 amplifies IFN-gamma and granzyme B output in CD8+ effector and memory T cells.",IL-2 Produced by CD8+ Immune T cells Can Augment Their IFN-γ Production — https://pmc.ncbi.nlm.nih.gov/articles/PMC3578122/; CD4+ T Cell-Derived IL-2 Signals during Early Priming Advances Primary CD8+ T Cell Responses — https://www.ncbi.nlm.nih.gov/pmc/articles/PMC2770320/
KNOWN_DIRECTIONAL,IFN-omega,IL-15,CD8 Naive,0.0162553,0.0133104,3,2,"Type I interferons (including IFN-omega, signaling through the same IFNAR receptor as IFN-alpha/beta) upregulate IL-15 expression in vitro and in vivo, priming CD8 T and NK cells.",Interferon-alpha/beta upregulate IL-15 expression in vitro and in vivo - https://pmc.ncbi.nlm.nih.gov/articles/PMC11030826/; IFN-alpha primes T- and NK-cells for IL-15-mediated signaling and cytotoxicity - https://www.sciencedirect.com/science/article/abs/pii/S0161589011006705; Soluble IL-15 Complexes Generated by Type I IFN Pathways - https://pmc.ncbi.nlm.nih.gov/articles/PMC4354909/
KNOWN_DIRECTIONAL,IL-6,Decorin,CD8 Naive,0.0125742,0.00631638,2,3,"IL-6 directly induces decorin mRNA in human endothelial cells in a dose-dependent manner (max at 10 ng/ml), although translation requires extracellular collagen signals. This is a well-documented direct induction of B by A, though not specifically in",Interleukin (IL)-6 and IL-10 induce decorin mRNA in endothelial cells — https://pubmed.ncbi.nlm.nih.gov/15016829/
KNOWN_DIRECTIONAL,IL-36-alpha,VEGF,CD14 Mono,0.0113562,0.0111784,4,4,IL-36α (50 ng/ml) significantly increases endothelial tube formation in a VEGF-dependent manner; IL-36 family upregulates VEGFs and VEGFR2/3 in monocyte-rich inflammatory milieus (psoriasis).,IL-36γ Is a Strong Inducer of IL-23 in Psoriatic Cells and Activates Angiogenesis — https://pmc.ncbi.nlm.nih.gov/articles/PMC5834930/; IL-36γ Augments Ocular Angiogenesis by Promoting the VEGF–VEGFR Axis — https://pmc.ncbi.nlm.nih.gov/articles/PMC10616713/; IL-1 Family Cytokine Regulation of Vascular Permeability and Angiogenesis — https://www.frontiersin.org/journals/immunology/articles/10.3389/fimmu.2019.01426/full
KNOWN_DIRECTIONAL,TNF-alpha,IL-9,Treg,0.00969442,0.00808095,3,3,TNF-alpha potently promotes Th9 cell differentiation and IL-9 production through TNFR2-dependent pathways. iTregs and Foxp3+ regulatory T cells are among the cell populations producing IL-9 downstream of TNF-alpha signaling.,TNF-α enhances Th9 cell differentiation and antitumor immunity via TNFR2-dependent pathways — https://www.ncbi.nlm.nih.gov/pmc/articles/PMC6360681/; Transcription factor Foxo1 is essential for IL-9 induction in T helper cells — https://www.ncbi.nlm.nih.gov/pmc/articles/PMC5634439/
KNOWN_DIRECTIONAL,IL-35,VEGF,MAIT,0.00799778,0.00644402,3,3,"Tumor-derived IL-35 promotes VEGF secretion and angiogenesis via STAT3 activation in myeloid cells (CD11b+Gr1+, neutrophils). Context-dependent: pro-angiogenic in tumors, anti-VEGF in rheumatoid arthritis.",Tumor-derived IL-35 promotes tumor growth by enhancing myeloid cell accumulation and angiogenesis - https://pmc.ncbi.nlm.nih.gov/articles/PMC3578001/; IL-35 enhances angiogenic effects of small extracellular vesicles in breast cancer - https://pubmed.ncbi.nlm.nih.gov/35037402/; Mathematical modeling of IL-35 promoting tumor growth and angiogenesis - https://journals.plos.org/plosone/article?id=10.1371/journal.pone.0110126
KNOWN_DIRECTIONAL,IFN-beta,IL-2,CD8 Naive,0.00795025,0.00577274,3,2,Type-I IFNs (IFN-α/β) act as 'signal 3' on CD8 T cells; IFN-α subtypes induce significantly higher frequencies of IL-2-expressing CD8+ T cells (>2-fold increase) and synergize with IL-2 signaling for effector differentiation.,Diverse Immunomodulatory Effects of Individual IFNα Subtypes on Virus-Specific CD8+ T Cell Responses — https://www.frontiersin.org/journals/immunology/articles/10.3389/fimmu.2019.02255/full; Regulation of Effector and Memory CD8 T Cell Differentiation by IL-2 — https://www.ncbi.nlm.nih.gov/pmc/articles/PMC6306427/
KNOWN_DIRECTIONAL,IL-6,VEGF,CD4 Naive,0.00569181,0.00445562,2,5,"IL-6 is a well-established inducer of VEGF expression via trans-signaling and STAT3 activation, both directly and synergistically with IL-1B and TNF.","Interleukin 6 induces the expression of vascular endothelial growth factor — https://pubmed.ncbi.nlm.nih.gov/8557680/; IL-6 in Inflammation, Immunity, and Disease — https://cshperspectives.cshlp.org/content/6/10/a016295.full; IL-6 induces VEGF-C via Src-FAK-STAT3 — https://www.ncbi.nlm.nih.gov/pmc/articles/PMC4934912/"
KNOWN_DIRECTIONAL,VEGF,IL-13,CD4 Naive,0.00377137,0.00162589,6,2,"VEGF enhances Th2 sensitization and inflammation in the lung, with a documented positive feedback loop with IL-13. VEGF induces IL-13-dependent asthma-like phenotype in transgenic mice.",VEGF induces remodeling and enhances TH2-mediated sensitization - https://www.nature.com/articles/nm1105; VEGF controls lung Th2 inflammation via miR-1-Mpl-P-selectin axis - https://rupress.org/jem/article/210/10/1993/41405/VEGF-controls-lung-Th2-inflammation-via-the-miR-1; Studies of VEGF in asthma and COPD - https://pubmed.ncbi.nlm.nih.gov/22052929/
KNOWN_DIRECTIONAL,CD30L,IL-17A,CD8 Naive,0.00347199,0.00210203,1,4,CD30L/CD30 signaling is critical for maintenance and activation of IL-17A-producing γδ T cells in mucosa-associated tissues; CD30 stimulation directly induces IL-17 production in human cells (in vitro RA studies). Documented for γδ rather than CD8 sp,CD30L/CD30 is critical for maintenance of IL-17A-producing γδ T cells — https://www.nature.com/articles/mi201318; CD30 Is Required for Activation of IL-17A-producing γδ T cells in Innate Immunity — https://journals.asm.org/doi/10.1128/iai.00887-13
KNOWN_DIRECTIONAL,IL-36-alpha,IL-17A,CD8 Naive,0.00315177,0.00130226,2,3,"IL-36 (including IL-36alpha) activates Th17 cells and induces IL-17A expression, forming a positive feedback loop with IL-17A in psoriasis. Direct evidence in T cells via Th17 differentiation.",Biology of IL-36 Signaling and Its Role in Systemic Inflammatory Diseases - https://www.frontiersin.org/journals/immunology/articles/10.3389/fimmu.2019.02532/full; Inter-Regulation of Th17 Cytokines and IL-36 Cytokines - https://www.sciencedirect.com/science/article/pii/S0022202X15351137; IL-17/IL-36 axis in skin inflammation - https://journals.plos.org/plosone/article?id=10.1371%2Fjournal.pone.0222969
KNOWN_DIRECTIONAL,IL-27,IL-6,CD4 Naive,0.00233914,0.00217437,5,1,"IL-27 has been shown to augment TNF-alpha-induced IL-6 production in epithelial cells; the IL-6/IL-27 axis is well-documented bidirectional within the gp130 cytokine family, with both directions reported.",Early IL-6 signalling promotes IL-27 dependent maturation of regulatory T cells — https://pmc.ncbi.nlm.nih.gov/articles/PMC5633202/; Regulation of inflammatory immune responses by IL-27 — https://www.ncbi.nlm.nih.gov/pmc/articles/PMC3332455/
KNOWN_DIRECTIONAL,IFN-lambda1,IL-6,CD8 Naive,0.00229334,0.00219437,0,5,"IL-29/IFN-λ1 up-regulates IL-6 production in PBMCs, macrophages, and synovial fibroblasts; IFN-λ directly responds in CD8 T cells. Direct induction in CD8 T cells specifically is not as well documented but plausible.",IL-29 enhances Toll-like receptor-mediated IL-6 and IL-8 production — https://www.ncbi.nlm.nih.gov/pmc/articles/PMC3978693/; Modulation of the human cytokine response by IFN-λ1/IL-29 — https://www.nature.com/articles/6364348
KNOWN_DIRECTIONAL,GM-CSF,TL1A,NK CD56bright,0.00199751,0.00160916,5,2,"GM-CSF induces TL1A (Tnfsf15) expression in macrophages, demonstrated in intestinal inflammation models. ILC3 effects on macrophage TL1A were GM-CSF-dependent.",GM-CSF Calibrates Macrophage Defense and Wound Healing Programs - https://www.sciencedirect.com/science/article/pii/S221112472030838X; TL1A/TNFSF15 directly induces proinflammatory cytokines from CD3+CD161+ T cells - https://www.mucosalimmunology.org/article/S1933-0219(22)01244-2/fulltext
KNOWN_DIRECTIONAL,IL-9,IL-16,NKT,0.000551269,0.000140559,5,1,"IL-9 acts on bronchial epithelial cells (BEAS-2B) in vitro to induce the T-cell chemoattractants IL-16 and RANTES; IL-16 can be induced by IL-4/IL-9/TNF/serotonin. Documented in epithelial cells, not NKT specifically.",Interleukin (IL)-4/IL-9 and Exogenous IL-16 Induce IL-16 Production by BEAS-2B Cells — https://www.sciencedirect.com/science/article/abs/pii/S0008874900917453; Role of interleukin-16 in human diseases — https://www.frontiersin.org/journals/immunology/articles/10.3389/fimmu.2025.1524026/full
KNOWN_DIRECTIONAL,IL-16,IL-6,CD16 Mono,0.000367737,0.000300748,3,3,"IL-16 stimulation of CD14+ CD4+ monocytes/maturing macrophages induces IL-1b, IL-6, IL-15, and TNF-alpha production, with mRNA detected within 4 hours and protein by 24 hours. This is a direct, well-documented A→B effect.",Interleukin-16 stimulates the expression and production of pro-inflammatory cytokines by human monocytes — https://pmc.ncbi.nlm.nih.gov/articles/PMC2326980/
KNOWN_COREGULATED,IFN-beta,IFN-omega,CD8 Naive,0.074165,0.0535299,5,2,"IFN-beta and IFN-omega are both type I interferons that bind the same IFNAR receptor and are typically co-induced by viral signals via IRF3/IRF7, but IFN-beta is not documented as a direct upstream inducer of IFN-omega in CD8 T cells.",Shared and Unique Features of Human Interferon-Beta and Interferon-Alpha Subtypes — https://www.frontiersin.org/journals/immunology/articles/10.3389/fimmu.2020.605673/full; Type I Interferon Signaling Pathways — https://www.rndsystems.com/pathways/type-i-interferon-signaling-pathways
KNOWN_COREGULATED,IFN-beta,IFN-gamma,CD16 Mono,0.02269,0.0149538,3,4,"Both are interferons in the same signaling family. IFN-beta has cell-type-specific and context-dependent effects: in monocytes it has been shown to modulate inflammatory responses, while in CD4+ T cells it can suppress IFN-gamma. Direct induction of ",Interferon-Beta Induces Distinct Gene Expression Response Patterns in Human Monocytes versus T cells (PLOS One) — https://journals.plos.org/plosone/article?id=10.1371/journal.pone.0062366; Salmonella Induced IL-23 and IL-1β Allow for IL-12 Production by Monocytes... through Induction of IFN-γ — https://www.ncbi.nlm.nih.gov/pmc/articles/PMC2791865/
KNOWN_COREGULATED,TL1A,IL-12,MAIT,0.0200098,0.0175179,2,3,"TL1A synergizes with IL-12 (and IL-18) to enhance IFN-gamma production in T/NK/MAIT cells, but TL1A does not directly induce IL-12 expression — they are co-acting partners on shared targets.",TL1A Synergizes with IL-12 and IL-18 to Enhance IFN-gamma Production in Human T Cells and NK Cells — https://journals.aai.org/jimmunol/article/172/11/7002/80995/; TCR and Inflammatory Signals Tune Human MAIT Cells — https://www.sciencedirect.com/science/article/pii/S2211124719310988
KNOWN_COREGULATED,VEGF,IL-17C,MAIT,0.0152164,0.0118105,3,2,Documented direction is reverse: IL-17C induces VEGF (via STAT3/miR-23a-3p) in colorectal cancer and IL-17 family drives angiogenesis. No published evidence of VEGF inducing IL-17C in immune cells.,"miR-23a-3p is a Key Regulator of IL-17C-Induced Tumor Angiogenesis — https://www.ncbi.nlm.nih.gov/pmc/articles/PMC7348989/; IL-17 Promotes Angiogenic Factors IL-6, IL-8, and VEGF Production — https://pmc.ncbi.nlm.nih.gov/articles/PMC5098156/"
KNOWN_COREGULATED,VEGF,Decorin,CD8 Naive,0.01498,0.0135639,4,2,Documented direction is reverse: decorin induces VEGF and modulates VEGFR2; VEGF participates in decorin down-regulation (autocrine feedback) rather than induction. Not described in CD8 T cells.,Ectopic decorin expression up-regulates VEGF expression in mouse cerebral endothelial cells — https://pubmed.ncbi.nlm.nih.gov/18021292/; Decorin (Wikipedia) — https://en.wikipedia.org/wiki/Decorin
KNOWN_COREGULATED,IL-9,IL-36-alpha,CD4 Naive,0.0134502,0.00587217,4,4,"Direction is reversed in literature: IL-36 signaling (via IL-36R/MyD88/NF-kB) drives Th9 differentiation and IL-9 production in CD4+ T cells, not the other way around.",IL-36gamma signaling controls iTreg-Th9 balance - https://www.nature.com/articles/mi201721; IL-36 cytokines imprint a colitogenic phenotype on CD4+ T helper cells - https://pmc.ncbi.nlm.nih.gov/articles/PMC9038530/
KNOWN_COREGULATED,IL-35,IL-27,CD8 Naive,0.0123497,0.0092348,3,2,"IL-35 and IL-27 are both heterodimeric IL-12-family cytokines sharing the Ebi3 subunit; both function as negative regulators with overlapping receptor usage (gp130/IL-12Rb2/WSX-1), but A→B direction (IL-35 inducing IL-27) is not explicitly documented",Interleukin-35 on B cell and T cell induction and regulation — https://pmc.ncbi.nlm.nih.gov/articles/PMC5547520/; IL-12 family cytokines: immunological playmakers (Nature Immunology) — https://www.nature.com/articles/ni.2366
KNOWN_COREGULATED,VEGF,IL-9,CD14 Mono,0.00816331,0.00712211,5,2,The documented direction is the reverse: IL-9 induces VEGF secretion from mast cells (PLOS One 2012). No evidence VEGF induces IL-9 in monocytes; reverse direction is published.,IL-9 Induces VEGF Secretion from Human Mast Cells — https://pmc.ncbi.nlm.nih.gov/articles/PMC3297631/
KNOWN_COREGULATED,IL-27,VEGF,CD4 Naive,0.00815312,0.00497712,4,3,The direction is reversed in the literature: IL-27 INHIBITS VEGF expression via STAT1 signaling and has documented anti-angiogenic properties. Both molecules are in the same axis (inflammation-angiogenesis) but A→B induction is not supported; the inv,IL-27 inhibits epithelial-mesenchymal transition and angiogenic factor production in a STAT1-dominant pathway in human non-small cell lung cancer — https://jeccr.biomedcentral.com/articles/10.1186/1756-9966-32-97
KNOWN_COREGULATED,IL-27,GM-CSF,MAIT,0.00753365,0.00734271,3,5,"Direction is reversed: IL-27 is a robust SUPPRESSOR of GM-CSF in T cells (STAT1-dependent), well documented in EAE and CNS inflammation. Co-regulated but A→B is anti-cascade.","Suppression of GM-CSF expression in murine and human T cells by IL-27 - https://pmc.ncbi.nlm.nih.gov/articles/PMC3424384/; IL-27, but not IL-35, inhibits neuroinflammation through modulating GM-CSF expression - https://www.nature.com/articles/s41598-017-16702-w"
KNOWN_COREGULATED,IL-17A,IL-36Ra,NKT,0.0072408,0.00569209,4,1,"IL-17A drives IL-36 agonist production (IL-36α/β/γ) in keratinocytes, and the IL-17A/IL-36 axis is well-established in psoriasis. IL-36Ra (the antagonist) is part of the same regulatory circuit and IL-38 (a related antagonist) is upregulated by anti-",IL-17A-driven psoriasis is critically dependent on IL-36 signaling — https://www.ncbi.nlm.nih.gov/pmc/articles/PMC10754973/; The psoriasis-associated IL-17A induces and cooperates with IL-36 cytokines — https://www.ncbi.nlm.nih.gov/pmc/articles/PMC5688102/
KNOWN_COREGULATED,IL-13,IL-27,MAIT,0.00700271,0.00260913,3,5,"IL-27 is documented to suppress Th2 responses (including IL-13 production), so the documented direction is reverse (IL-27 → suppresses IL-13). IL-27 is known to induce IL-10 in MAIT cells, but IL-13 inducing IL-27 in MAIT was not found.",Interleukin-27 in T Cell Immunity — https://pmc.ncbi.nlm.nih.gov/articles/PMC4346869/; Human MAIT cell response profiles biased toward IL-17 or IL-10 — https://www.pnas.org/doi/10.1073/pnas.2414230122
KNOWN_COREGULATED,IL-27,IL-9,CD4 Naive,0.00642421,0.00632157,5,2,"Direction is reversed: IL-27 is a well-documented SUPPRESSOR of Th9 differentiation and IL-9 production in naive CD4+ T cells, partially via STAT1/T-bet.",IL-27 inhibits Th9 differentiation while inducing Tr1 cells - https://www.researchgate.net/figure/L-27-inhibits-Th9-differentiation-while-inducing-Tr1-cells-Real-time-PCR-and-flow_fig7_232813959; Updated advancement of bifunctional IL-27 in inflammatory autoimmune diseases - https://www.frontiersin.org/journals/immunology/articles/10.3389/fimmu.2024.1366377/full
KNOWN_COREGULATED,IL-22,IL-27,MAIT,0.00613767,0.00589982,4,2,Documented direction is reverse: IL-27 inhibits IL-22 production by upregulating SOCS1 in CD4+ T cells. No evidence IL-22 induces IL-27 in MAIT cells.,Interleukin-22 Influences the Th1/Th17 Axis — https://www.frontiersin.org/journals/immunology/articles/10.3389/fimmu.2021.618110/full; Identification of IL-27 as a novel regulator of MHC class I/II — https://www.ncbi.nlm.nih.gov/pmc/articles/PMC10561092/
KNOWN_COREGULATED,IL-21,IL-27,CD8 Naive,0.00608271,0.00400227,4,2,"The well-documented direction is the reverse: IL-27 induces IL-21 in CD8+ T cells (and in Tfh/Tr1 differentiation). However, IL-21 enhancement of IL-27 in B cells has also been reported, making the relationship bidirectional but with the canonical ca",IL-27 induction of IL-21 from human CD8+ T cells induces granzyme B in an autocrine manner — https://pmc.ncbi.nlm.nih.gov/articles/PMC7293547/; BATF3-dependent induction of IL-27 in B cells — https://www.biorxiv.org/content/10.1101/2020.06.26.117010.full.pdf
KNOWN_COREGULATED,IL-12,IL-27,CD8 Naive,0.00510641,0.00338374,2,4,"IL-12 and IL-27 are sister IL-12 family cytokines co-regulated by TLR signaling in DCs; both act on CD8 T cells (CD39 induction, effector differentiation) but IL-12 does not directly induce IL-27 expression.",IL-12 and IL-27 Promote CD39 Expression on CD8+ T Cells — https://journals.aai.org/jimmunol/article/210/10/1598/263576/; Regulation of Antitumor Immune Responses by the IL-12 Family — https://www.ncbi.nlm.nih.gov/pmc/articles/PMC2946577/
KNOWN_COREGULATED,IL-6,IL-36-alpha,CD4 Naive,0.00443269,0.00234102,3,4,"The documented direction is reverse: IL-36-alpha induces IL-6 (in fibroblasts and synovial cells, via MyD88/NF-kB). IL-6 inducing IL-36-alpha is not the documented cascade.",IL-36a and IL-36g Induce Proinflammatory Mediators from Human Colonic Subepithelial Myofibroblasts — https://www.ncbi.nlm.nih.gov/pmc/articles/PMC4585048/; IL-36a Exerts Pro-Inflammatory Effects in the Lungs of Mice — https://www.ncbi.nlm.nih.gov/pmc/articles/PMC3447790/
KNOWN_COREGULATED,IL-9,OX40L,CD4 Naive,0.00389879,0.00374792,3,3,The documented direction is reverse: OX40L is a potent inducer of IL-9 (TH9 induction via TRAF6/NF-kB). IL-9 inducing OX40L is not the documented cascade direction.,OX40 signaling favors the induction of TH9 cells and airway inflammation (Nature Immunology) — https://www.nature.com/articles/ni.2390; IL-33-primed human mast cells drive IL-9 production by CD4+ T cells in an OX40L-dependent manner — https://www.ncbi.nlm.nih.gov/pmc/articles/PMC11479898/
KNOWN_COREGULATED,IL-27,IL-4,NKT,0.00229822,0.00043634,5,2,Documented effect is OPPOSITE direction: IL-27 suppresses GATA3 and IL-4/Th2 responses rather than inducing IL-4 in NKT cells. The cytokines are antagonistically linked.,IL-27: Its Roles in the Induction and Inhibition of Inflammation — https://pmc.ncbi.nlm.nih.gov/articles/PMC2480558/; IL-27 Limits Type 2 Immunopathology Following Parainfluenza Virus Infection — https://www.ncbi.nlm.nih.gov/pmc/articles/PMC5305264/
KNOWN_COREGULATED,VEGF,EGF,NK CD56bright,0.00194076,0.00189883,5,3,Documented direction is reverse: EGF induces VEGF (and NRP-1) in cancer cells. No published evidence VEGF induces EGF in NK cells.,Induction of neuropilin-1 and VEGF by EGF in human gastric cancer cells — https://www.ncbi.nlm.nih.gov/pmc/articles/PMC2376351/
KNOWN_COREGULATED,IL-36Ra,VEGF,MAIT,0.0014615,0.000825109,2,3,"IL-36Ra is the natural antagonist of IL-36 agonists, which themselves induce VEGF and angiogenesis. IL-36Ra INHIBITS VEGF expression by blocking IL-36 signaling — opposite direction of A→B induction. The molecules are coupled via the IL-36/VEGF axis.",IL-36γ Augments Ocular Angiogenesis by Promoting the VEGF–VEGFR Axis — https://pmc.ncbi.nlm.nih.gov/articles/PMC10616713/; IL-36γ Is a Strong Inducer of IL-23 in Psoriatic Cells and Activates Angiogenesis — https://pmc.ncbi.nlm.nih.gov/articles/PMC5834930/
KNOWN_COREGULATED,TL1A,IL-13,CD14 Mono,0.00112968,0.000612314,2,3,"TL1A/TNFSF15 drives IL-13 production primarily from ILC2s and Th2/Th9 cells (well-documented in muco-secretory fibrotic disorders and gut inflammation). The relay cell type in this case is CD14 Mono, where monocytes/macrophages are the primary SOURCE",Targeting TL1A/DR3 Signaling Offers a Therapeutic Advantage to Neutralizing IL13/IL4Rα — https://www.ncbi.nlm.nih.gov/pmc/articles/PMC8299868/; The tale of TL1A in inflammation — https://www.nature.com/articles/mi201120
KNOWN_COREGULATED,GM-CSF,IL-17A,NKT,0.000866995,0.000508442,4,2,"GM-CSF promotes Th17 cell survival and IL-17 production in autoimmunity (via IL-6/IL-23-dependent pathway in DCs), but the canonical direction is Th17→GM-CSF; the relationship is bidirectional in autoimmune feedback loops.",GM-CSF mediates autoimmunity by enhancing IL-6–dependent Th17 cell development — https://www.ncbi.nlm.nih.gov/pmc/articles/PMC2556786/; The encephalitogenicity of TH17 cells is dependent on IL-1- and IL-23-induced production of GM-CSF — https://pmc.ncbi.nlm.nih.gov/articles/PMC3116521/
KNOWN_COREGULATED,APRIL,IL-4,NKT,0.000863109,0.000149506,5,2,Documented direction is reverse: IL-4 induces APRIL expression in macrophages via p38MAPK-CREB/Stat6. No published evidence APRIL induces IL-4 in NKT cells.,IL-4 stimulates mouse macrophages to express APRIL through p38MAPK and two different downstream molecules — https://www.sciencedirect.com/science/article/abs/pii/S1043466609001069; APRIL stimulates NF-κB-mediated HoxC4 induction for AID expression in mouse B cells — https://pmc.ncbi.nlm.nih.gov/articles/PMC3723325/
KNOWN_COREGULATED,IL-9,GITRL,NKT,0.000742561,0.000311204,5,0,"Direction is reversed: GITRL/GITR co-stimulation drives Th9 differentiation and IL-9 production from CD4 T cells (key axis in anti-tumor immunity), not the other way around. IL-9 and GITRL co-occur in the Th9 axis.",GITR drives TH9-mediated antitumor immunity - https://pmc.ncbi.nlm.nih.gov/articles/PMC4910720/; GITR subverts Foxp3+ Tregs to boost Th9 immunity - https://www.nature.com/articles/ncomms9266
KNOWN_COREGULATED,IL-36Ra,IL-6,NKT,0.000257616,8.40943e-05,2,3,IL-36Ra is an antagonist that suppresses (not induces) IL-6 by inhibiting IL-36 signaling at IL-36R. The documented relationship is IL-36 agonists → IL-6 induction; IL-36Ra reduces IL-6. Thus IL-36Ra → IL-6 induction is the opposite of documented bio,Protective effect of interleukin-36 receptor antagonist on liver injury — https://pmc.ncbi.nlm.nih.gov/articles/PMC7374990/; Interleukin(IL)-36α and IL-36γ Induce Proinflammatory Mediators — https://pmc.ncbi.nlm.nih.gov/articles/PMC4585048/
KNOWN_COREGULATED,VEGF,CT-1,NK CD56bright,0.000207086,9.57269e-05,5,3,"Direction is reversed: cardiotrophin-1 induces VEGF expression in cardiac myocytes (via STAT3), well documented. No evidence of VEGF inducing CT-1.",Cardiotrophin-1 induces VEGF expression in cardiac myocytes - https://www.pnas.org/doi/pdf/10.1073/pnas.92.4.1142; VEGF-A in Cardiomyocytes and Heart Diseases - https://pmc.ncbi.nlm.nih.gov/articles/PMC7432634/
KNOWN_COREGULATED,IL-12,VEGF,CD16 Mono,0.000124679,0.000123964,5,3,"IL-12 is documented as ANTI-angiogenic (opposite direction to A→B), acting via IFN-γ/IP-10 to inhibit neovascularization and VEGF-dependent angiogenesis. Both molecules are coupled in the angiogenesis axis but the documented cascade is IL-12 inhibiti",IL-12 Inhibition of Endothelial Cell Functions and Angiogenesis — https://journals.aai.org/jimmunol/article/166/6/3890/70412/; Angiostatin anti-angiogenesis requires IL-12 — https://pmc.ncbi.nlm.nih.gov/articles/PMC2630934/
KNOWN_COREGULATED,VEGF,IL-15,NK,6.12724e-07,1.76559e-07,4,2,Documented direction is reverse: IL-15 signaling via JAK-STAT5 drives VEGF-A expression in NK cells. No published evidence VEGF induces IL-15.,Transcription Factors Associated With IL-15 Cytokine Signaling During NK Cell Development — https://www.frontiersin.org/journals/immunology/articles/10.3389/fimmu.2021.610789/full; The Production of Pro-angiogenic VEGF-A Isoforms by Hypoxic Human NK Cells — https://pmc.ncbi.nlm.nih.gov/articles/PMC7477355/
PARTIAL,Decorin,IL-8,CD8 Naive,0.0135476,0.00761351,3,5,"Decorin has been linked to IL-8 modulation in cancer/macrophage settings, with one study showing reduced decorin increases IL-8 in macrophages and another showing decorin-silenced oral cancer cells lose IL-8 expression. Effects are context-dependent ",A role for aberrantly expressed nuclear localized decorin in migration and invasion of dysplastic and malignant oral epithelial cells — https://pmc.ncbi.nlm.nih.gov/articles/PMC3198745/; Decorin Secreted by Human Umbilical Cord Blood-Derived Mesenchymal Stem Cells Induces Macrophage Polarization via CD44 — https://pmc.ncbi.nlm.nih.gov/articles/PMC6801980/
PARTIAL,APRIL,VEGF,CD14 Mono,0.0127234,0.00921627,5,1,"APRIL and VEGF-A are both elevated in disease (e.g., extracellular vesicles in TNBC, gliomas) and are correlated prognostic biomarkers, but no mechanistic link showing APRIL directly induces VEGF in monocytes was found.","A Retrospective Exploratory Analysis for Serum Extracellular Vesicles Reveals APRIL (TNFSF13), CXCL13, and VEGF-A as Prognostic Biomarkers — https://www.mdpi.com/1422-0067/24/21/15576"
PARTIAL,GM-CSF,TSLP,NKT,0.00773966,0.00640149,4,1,"GM-CSF is used to differentiate monocytes/DCs that can subsequently produce TSLP in response to LPS or other stimuli, and GM-CSF/TSLP/STAT3 signaling has been linked in cancer contexts. However direct GM-CSF→TSLP induction in immune cells (especially",Thymic Stromal Lymphopoietin is Produced by Dendritic Cells — https://pmc.ncbi.nlm.nih.gov/articles/PMC3140600/
PARTIAL,IL-6,APRIL,CD8 Naive,0.00739743,0.00422798,2,4,"APRIL and IL-6 are co-regulated in inflammation and both contribute to plasma cell survival, with positive correlations in arthritis models. No mechanistic evidence of IL-6 directly inducing APRIL in CD8 naive T cells was found.","APRIL (TNFSF13) regulates collagen induced arthritis, IL-17 production and TH2 response — https://pmc.ncbi.nlm.nih.gov/articles/PMC2755626/"
PARTIAL,IL-27,LT-alpha2-beta1,CD8 Naive,0.00557534,0.00532105,1,4,"Indirect link: IL-27 induces Th1 differentiation via STAT1/T-bet, and Th1 cells produce lymphotoxin (alongside IFN-gamma). No direct study of IL-27 inducing LT-alpha2-beta1 specifically in CD8 cells.",Interleukin-27 in T Cell Immunity - https://www.ncbi.nlm.nih.gov/pmc/articles/PMC4346869/; IL-27 elicits a cytotoxic CD8+ T cell program - https://www.nature.com/articles/s41586-024-08510-w
PARTIAL,IL-6,IL-13,CD4 Naive,0.00405107,0.00221447,5,1,"IL-6 promotes Th2 polarization (inducing IL-4 secretion and inhibiting Th1), and Th2 cells are the canonical IL-13 source. No direct mechanistic study of IL-6 inducing IL-13 transcription in naive CD4 T cells.",Interleukin 6: at the interface of human health and disease - https://www.frontiersin.org/journals/immunology/articles/10.3389/fimmu.2023.1255533/full
PARTIAL,IL-16,IL-8,CD8 Naive,0.00391826,0.00191588,3,5,"IL-16 is known to modulate surface receptor and cytokine release in macrophages/DCs, and IL-16 promotes inflammatory cell recruitment to similar tissues as IL-8, but a direct IL-16→IL-8 cascade in CD8 naive T cells was not found.",Recombinant interleukin-16 selectively modulates surface receptor expression and cytokine release in macrophages and dendritic cells — https://pmc.ncbi.nlm.nih.gov/articles/PMC2326843/
PARTIAL,GM-CSF,APRIL,NKT,0.00335577,0.00214462,4,3,"GM-CSF differentiates and primes myeloid cells; neutrophils are known to secrete APRIL in response to stimuli (TGF-beta, glycosaminoglycans), but a direct GM-CSF → APRIL induction (especially via NKT cells) is not directly documented. Indirect link v",Neutrophil TLR4 and PKR are targets of glycosaminoglycans and effectors of APRIL secretion — https://www.ncbi.nlm.nih.gov/pmc/articles/PMC6002394/
PARTIAL,VEGF,IL-4,NKT,0.00251102,0.000598239,7,1,"VEGF enhances TH2-mediated sensitization/inflammation in lung (Lee et al., Nature Medicine 2004) and VEGF inhibition decreases IL-4 production, supporting indirect VEGF→IL-4 enhancement. However, direct evidence in NKT cells specifically was not foun",Vascular endothelial growth factor (VEGF) induces remodeling and enhances TH2-mediated sensitization and inflammation in the lung — https://www.nature.com/articles/nm1105
PARTIAL,C5a,IL-36-alpha,CD4 Naive,0.00120405,0.00103538,5,1,"C5a promotes IL-22 and IL-17 expression and provides costimulatory/survival signals to CD4+ T cells; IL-36α is produced by CD4+ T cells in inflammation. No direct evidence C5a induces IL-36α specifically, but pathways converge on CD4 T cell inflammat",Complement component C5a Promotes Expression of IL-22 and IL-17 from Human T cells — https://pmc.ncbi.nlm.nih.gov/articles/PMC3154861/; Elevated IL-36α And CD4+IL-36α+T Cells in Graves' Disease — https://www.ncbi.nlm.nih.gov/pmc/articles/PMC6190875/
PARTIAL,IL-12,IL-9,CD4 Naive,0.000845215,0.00016821,2,5,"IL-12 is listed among cytokines that can increase IL-9 production from CD4+ T cells under certain conditions, but the canonical Th9 differentiation pathway involves TGF-β + IL-4 (not IL-12, which classically drives Th1/IFN-γ).",Th9 cells: differentiation and disease — https://pmc.ncbi.nlm.nih.gov/articles/PMC3982928/
PARTIAL,APRIL,IL-21,CD4 Naive,0.000171336,0.000146516,4,2,"APRIL and IL-21 cooperate in B cell differentiation (APRIL+IL-21 induces IgA class switching and IL-10 in Bregs), but no direct evidence that APRIL induces IL-21 production in CD4 naive T cells was found. IL-21 is mainly induced by IL-6 and IL-27 in ",APRIL Induces a Novel Subset of IgA+ Regulatory B Cells — https://pmc.ncbi.nlm.nih.gov/articles/PMC6587076/
PARTIAL,IL-15,APRIL,CD14 Mono,1.88955e-06,4.41233e-07,1,4,"IL-15 induces monocyte/macrophage activation and chemokine production (IL-8, MCP-1), and APRIL is produced by monocytes/macrophages. Both share myeloid expression but no direct mechanistic evidence found for IL-15 induction of APRIL in CD14 monocytes",Interleukin-15 (IL-15) Induces IL-8 and Monocyte Chemotactic Protein 1 Production in Human Monocytes — https://www.sciencedirect.com/science/article/pii/S0006497120579937
NOVEL,APRIL,Decorin,CD8 Naive,0.0203512,0.0160804,3,3,"No literature found linking APRIL (TNFSF13) to induction of Decorin in immune cells or any context. APRIL drives B cell/plasma cell biology and TACI/BCMA signaling; Decorin is an ECM proteoglycan regulated by TGF-beta, not APRIL.",
NOVEL,IL-27,IL-36-alpha,CD4 Naive,0.0191426,0.0114472,4,4,Both IL-27 and IL-36α act on CD4+ T cells independently (IL-27 inhibits Th17/induces IL-10; IL-36α drives colitogenic Th cells) but no published evidence shows IL-27 induces IL-36α expression.,Interleukin-27 in T Cell Immunity — https://www.ncbi.nlm.nih.gov/pmc/articles/PMC4346869/; IL-36 cytokines imprint a colitogenic phenotype on CD4+ T helper cells — https://www.ncbi.nlm.nih.gov/pmc/articles/PMC9038530/
NOVEL,VEGF,IL-20,CD14 Mono,0.01831,0.016258,5,1,"No published evidence that VEGF induces IL-20 in monocytes. VEGF induces MCP-1, IL-6, and IL-8 in vascular cells/monocytes, but IL-20 was not identified as a downstream target.",
NOVEL,OSM,IL-9,Treg,0.0164311,0.0111995,2,3,"OSM is known to expand Treg and modulate Th17/Th2 balance, but no published evidence directly links OSM to IL-9 induction in Treg or other immune cells.",
NOVEL,IFN-lambda1,IL-27,MAIT,0.0136182,0.0126727,4,2,"No direct evidence found that IFN-lambda1 (IL-29) induces IL-27 in MAIT or other immune cells. IFN-lambda1 induces ELR(-) CXC chemokines and inhibits Th2 responses, but IL-27 induction was not described.",
NOVEL,APRIL,IL-20,CD14 Mono,0.0135341,0.00819057,4,1,"APRIL is known to act on B cells and induce IL-10/PD-L1 in regulatory B cells, but no direct evidence found for APRIL induction of IL-20 in monocytes.",
NOVEL,APRIL,IL-26,CD8 Naive,0.0132009,0.00537313,4,2,"APRIL is known for B-cell biology (IgA class switching, Bregs) and modest T-cell costimulation, but no published literature links APRIL to IL-26 induction in CD8 T cells.",
NOVEL,VEGF,IL-22,MAIT,0.0131489,0.010205,5,1,"VEGF predominantly suppresses T cell function (via VEGFR2) and induces IL-6/IL-8/GRO-α in endothelium, not leukocytes. No evidence VEGF induces IL-22 in MAIT cells; IL-22 induction in MAIT is driven by IL-7/IL-12/IL-18/IL-23.",VEGF directly suppresses activation of T cells from ascites — https://www.nature.com/articles/bjc2012468; VEGF MAIT search — https://immunenetwork.org/DOIx.php?id=10.4110%2Fin.2026.26.e8
NOVEL,IL-9,IL-17C,MAIT,0.0115386,0.011143,4,1,"MAIT cells highly express IL17RE (receptor for IL-17C) and IL-17C is epithelium-derived (induced by IL-1beta/TNF/TLR2/TLR5), not by IL-9. No evidence IL-9 induces IL-17C in MAIT cells or elsewhere.",MAIT cells and the microbiome (IL-17RE expression) - https://www.frontiersin.org/journals/immunology/articles/10.3389/fimmu.2023.1127588/full; IL-17C: Unique Epithelial Cytokine - https://www.jidonline.org/article/S0022-202X(18)30223-9/fulltext
NOVEL,APRIL,IL-22,MAIT,0.0099928,0.00735931,3,3,"APRIL/TNFSF13 mainly acts on B cells (class switching, plasma cell survival, IgA+ Bregs) and was found to regulate IL-17/Th2 responses; no published evidence APRIL induces IL-22 in MAIT cells.","APRIL (TNFSF13) regulates collagen-induced arthritis, IL-17 production and Th2 response — https://pubmed.ncbi.nlm.nih.gov/19016524/"
NOVEL,APRIL,IFN-lambda1,pDC,0.00985714,0.00584096,3,3,"Both APRIL and IFN-lambda1 are associated with plasmacytoid dendritic cells, but there is no published evidence that APRIL induces IFN-lambda1 in pDCs. IFN-lambda induction in pDCs is documented for TLR9 ligands (e.g., HHV-6B), not APRIL.",
NOVEL,IL-9,Decorin,CD8 Naive,0.00935546,0.00747271,3,4,No literature found linking IL-9 to decorin expression in immune cells. Decorin is an ECM proteoglycan with TGF-beta scavenger function; no IL-9-related regulatory axis documented.,
NOVEL,APRIL,EPO,CD14 Mono,0.00925892,0.00855258,2,3,"No published link found between APRIL and EPO induction in monocytes. APRIL is produced by monocytes (not the reverse), and EPO is hypoxia-regulated by HIF in kidney/liver; the two are studied independently.",
NOVEL,APRIL,IL-24,CD14 Mono,0.00900541,0.00885067,2,3,IL-4 (not APRIL) induces IL-24 in macrophages and IL-4 also induces APRIL — they are downstream of a common signal but no direct APRIL→IL-24 induction is documented.,
NOVEL,LT-alpha2-beta1,IL-9,Treg,0.00843638,0.00776395,5,1,"Tregs express LTα1β2 (membrane lymphotoxin) and use LTβR signaling for migration/tumor crosstalk, but no published evidence LTα2β1 induces IL-9 in Tregs.",Regulatory T cells crosstalk with tumor cells and endothelium through lymphotoxin signaling — https://www.nature.com/articles/s41467-024-54874-y
NOVEL,VEGF,IFN-lambda1,CD8 Naive,0.00808305,0.00594701,5,2,"VEGF modulates T cell IL-10/IFN-gamma balance and influences immunosuppression, but no published evidence found for VEGF induction of IFN-lambda1 (IL-29) in CD8 or any immune cell type.",
NOVEL,APRIL,CD30L,CD4 Naive,0.00799523,0.00372203,6,0,"APRIL is a TNF superfamily member like CD30L, but no published link between APRIL signaling and CD30L (TNFSF8) upregulation in naive CD4 T cells.",
NOVEL,IL-27,CD30L,CD14 Mono,0.00760955,0.00488734,5,3,"CD30L is expressed on activated monocytes (LPS-inducible) and IL-27 has effects on monocyte inflammatory programs, but no direct evidence found that IL-27 induces CD30L/TNFSF8 expression on monocytes.",
NOVEL,APRIL,IL-36-alpha,CD4 Naive,0.00743522,0.00535974,5,1,Both APRIL and IL-36α are involved in inflammation but no published evidence that APRIL induces IL-36α expression in CD4 T cells.,
NOVEL,IL-9,IFN-lambda1,CD8 Naive,0.00740598,0.00438166,2,4,IL-29/IFN-λ1 induction is canonically driven by viral/dsRNA stimuli through IRF/NF-κB pathways. No published evidence IL-9 induces IFN-λ1 in CD8 T cells.,Interleukin 29 (Wikipedia) — https://en.wikipedia.org/wiki/Interleukin_29
NOVEL,FasL,IL-27,cDC,0.00641499,0.00394227,2,3,"FasL engagement induces DC maturation, IL-1β release, and IFN-γ, but no published evidence specifically linking FasL stimulation to IL-27 induction in conventional dendritic cells.",
NOVEL,IL-9,APRIL,CD8 Naive,0.00606892,0.00572605,4,3,"No clear literature identified linking IL-9 to APRIL induction in any cell type, let alone CD8 T cells. APRIL is primarily produced by myeloid cells in response to TLR agonists and inflammation, not via documented IL-9 signaling.",
NOVEL,IL-9,CD30L,HSPC,0.00503381,0.00367912,6,2,CD30L/CD153 is expressed on activated T/B/NK cells and is CD40-inducible; no published evidence IL-9 induces CD30L expression on HSPCs.,CD30 Is a CD40-Inducible Molecule — https://pmc.ncbi.nlm.nih.gov/articles/PMC4621001/
NOVEL,APRIL,IL-35,CD4 Naive,0.00501527,0.00346396,4,1,No literature directly linking APRIL induction of IL-35 in CD4 naive T cells. APRIL induces IL-10-producing IgA+ Bregs (which in turn induce Tregs/IL-35-producing populations) but the direct A→B axis was not found.,
NOVEL,CD30L,VEGF,CD14 Mono,0.00474766,0.00405106,5,3,"While CD30L is expressed on monocytes and can mediate various pleiotropic effects, no clear literature was found establishing CD30L→VEGF induction in CD14+ monocytes or any other immune cell type.",
NOVEL,Decorin,IL-27,MAIT,0.00390921,0.0018588,5,1,"Decorin modulates macrophage polarization (M1/M2) and influences cytokine output in mesenchymal stem cells, but no direct evidence was found linking decorin to IL-27 induction, especially in MAIT cells.",
NOVEL,C5a,CD30L,ILC,0.00343455,0.00095226,4,1,No published evidence that C5a induces CD30L (TNFSF8) expression in ILCs. C5a is documented in neutrophil priming and IL-17/IL-23 regulation but not CD30L induction in ILCs.,
NOVEL,APRIL,IL-27,MAIT,0.00338884,0.00275416,5,2,"APRIL is known to regulate B/T cell responses (collagen arthritis, IL-17, Th2 responses) but no documented evidence of APRIL inducing IL-27 production in immune cells, particularly MAIT cells.",
NOVEL,APRIL,IL-13,CD4 Naive,0.00275514,0.00162196,4,2,"APRIL induces IL-10/PD-L1 in IgA+ Bregs and modulates Th2 responses indirectly, but no published evidence that APRIL directly induces IL-13 in naive CD4 T cells.",
NOVEL,IL-36Ra,IL-27,MAIT,0.00265201,0.000836258,4,1,IL-36Ra is a negative regulator that blocks IL-36R signaling. No published evidence IL-36Ra induces IL-27 in MAIT cells; the relationship would be expected to be indirect (release of inhibition).,IL-36 cytokines in inflammatory and malignant diseases — https://link.springer.com/article/10.1007/s00018-021-03909-4
NOVEL,APRIL,FasL,CD4 Naive,0.00234617,0.00155902,4,2,"APRIL primarily acts on B cell survival, plasma cell maintenance, and IgA regulation. No documented evidence found linking APRIL to FasL induction in CD4 T cells or other immune contexts.",
NOVEL,IL-19,APRIL,MAIT,0.00232558,0.00133828,3,3,"No published link between IL-19 (IL-10 family) and APRIL induction in any immune cell type, including MAIT cells. IL-19 signals through IL-20R complexes/STAT3; APRIL is induced by TLR9, IFN-alpha, and B cell activation independently.",
NOVEL,GITRL,APRIL,MAIT,0.00227301,0.00129316,3,2,No published evidence linking GITRL (TNFSF18) to APRIL induction in MAIT cells. GITRL regulates Treg/effector T cell responses; APRIL induction was not described downstream of GITR triggering.,
NOVEL,APRIL,EGF,CD8 Naive,0.0021271,0.00193434,2,4,No literature found connecting APRIL/TNFSF13 to EGF (epidermal growth factor) induction in T cells or immune cells. These molecules operate in distinct signaling families with no documented cascade.,
NOVEL,VEGF,IL-19,NK CD56bright,0.00201095,0.00105418,4,3,Both VEGF and IL-19 participate in vascular inflammation but no direct evidence found for VEGF inducing IL-19 in NK cells or other immune cells.,
NOVEL,IL-19,CD40L,cDC,0.00173653,0.00130589,5,1,"CD40L is upregulated by IL-2, IL-12, IL-15 and downregulated by IL-4, IL-10; CD40L is expressed on activated T cells, not classically on cDCs. No published evidence IL-19 induces CD40L on cDCs.",The role of CD40 and CD40L in Dendritic Cells — https://www.ncbi.nlm.nih.gov/pmc/articles/PMC2749083/
NOVEL,VEGF,GM-CSF,CD4 Naive,0.00163537,0.0015819,1,6,"VEGF and GM-CSF operate via distinct pathways with mostly opposing effects on dendritic cell function (VEGF suppresses, GM-CSF promotes maturation). No literature describes VEGF inducing GM-CSF in CD4 naive T cells.",
NOVEL,Decorin,IL-16,CD16 Mono,0.00138004,0.000382326,5,3,"Decorin has documented immunomodulatory effects on monocytes via MCP-1 induction and macrophage polarization, but no published evidence found linking decorin to IL-16 induction.",
NOVEL,APRIL,IL-36Ra,NKT,0.00129978,0.000901605,2,4,No literature found linking APRIL to IL-36Ra induction in NKT or any other immune cells. The two molecules operate in distinct pathways (APRIL: TACI/BCMA on B cells; IL-36Ra: IL-36R competitive antagonism in epithelia/B cells).,
NOVEL,CD27L,IL-27,CD14 Mono,0.001264,0.00032275,2,4,"CD27/CD70 costimulation drives Th1 polarization and broad cytokine responses, but no published evidence that CD27L (CD70) induces IL-27 expression in monocytes.",
NOVEL,IL-16,APRIL,MAIT,0.00117692,0.000783957,3,2,No published evidence that IL-16 induces APRIL expression. IL-16 and APRIL are linked to B cell biology separately but no direct cascade in MAIT or other cells was found.,
NOVEL,VEGF,IL-21,NKT,0.00107228,0.000558652,5,2,"VEGF affects T-cell function (IL-10/IFN-gamma balance, suppression via VEGFR2), and NKT cells are known producers of IL-21, but no published direct link of VEGF inducing IL-21 in NKT cells was found.",
NOVEL,VEGF,GITRL,NKT,0.00102301,0.000687428,1,4,"GITRL is induced in keratinocytes by Th2 cytokines/TNF-alpha and on APCs by various stimuli, but no published evidence of VEGF inducing GITRL in NKT cells or any cell type.",
NOVEL,IL-16,VEGF,MAIT,0.000788111,0.000213066,2,4,"No clear evidence of IL-16 inducing VEGF expression in immune cells, particularly MAIT cells. Multiple other interleukins (IL-6, IL-17, IL-1) are well-documented VEGF inducers, but IL-16 is not.",
NOVEL,IL-19,IL-9,ILC,0.000751185,0.00045648,1,4,"IL-9 is a known ILC2 product induced by IL-33/IL-25 alarmins, but no published evidence found that IL-19 induces IL-9 in ILCs.",
NOVEL,CD27L,IL-9,CD4 Naive,0.000562826,0.00039849,1,4,"CD70-CD27 costimulation broadens naive CD4 cytokine repertoire (Th1, Th2, IL-2, TNF-α) but no published evidence linking CD27L to IL-9 induction specifically.",
NOVEL,APRIL,CD27L,NKT,0.000384381,0.000141354,4,1,"CD70/CD27L is upregulated upon T/B cell activation, and IFN-gamma can induce CD70 on T cells. No documented evidence of APRIL inducing CD70/CD27L expression in NKT cells or other immune cells.",
NOVEL,CT-1,APRIL,MAIT,0.000340179,0.000231977,2,3,"No published link between cardiotrophin-1 (IL-6 family/gp130) and APRIL induction. CT-1 induces IL-6, TNF-alpha, and VEGF via JAK2/STAT3, but no evidence for APRIL induction in MAIT or other cells.",
NOVEL,IL-12,IL-6,NKT,0.000302728,0.000138727,2,4,IL-12 and IL-6 cooperate in T cell priming/Th1 development but no published evidence that IL-12 induces IL-6 production in NKT cells.,
NOVEL,CD27L,VEGF,MAIT,0.000234579,0.000147389,1,4,"CD70/CD27L signals through CD27 leading to NF-kB/c-Jun activation, T cell costimulation and survival. No documented direct link to VEGF induction in MAIT cells or other immune cell types in the literature found.",
NOVEL,APRIL,IL-12,CD4 Naive,0.000228807,4.1052e-05,6,1,"APRIL modulates T cell proliferation and Th2/Th17 cytokine output in mouse models (in APRIL-/- mice, Th2 cytokines increase), but no published direct evidence of APRIL inducing IL-12 in CD4 T cells.","APRIL (TNFSF13) regulates collagen induced arthritis, IL-17 production and TH2 response — https://pmc.ncbi.nlm.nih.gov/articles/PMC2755626/"
NOVEL,TL1A,APRIL,MAIT,0.000196013,0.000177781,1,4,Both TL1A and APRIL are TNF superfamily members but no published link between TL1A signaling and APRIL induction in MAIT cells or elsewhere.,
NOVEL,IL-36-alpha,TL1A,NK CD56bright,0.000193015,0.000185034,5,1,TL1A is induced by IL-1β/TNFα and synergizes with IL-12/IL-18 for NK IFN-γ/cytotoxicity. IL-36α drives Th1 polarization but no published evidence IL-36α induces TL1A in NK CD56bright cells.,TL1A selectively enhances IL-12/IL-18-induced NK cell cytotoxicity — https://pubmed.ncbi.nlm.nih.gov/20349123/; IL-36 signaling amplifies Th1 responses — https://ashpublications.org/blood/article/120/17/3478/30630/IL-36-signaling-amplifies-Th1-responses-by
NOVEL,IL-9,IL-15,NKT,1.77854e-06,3.60586e-07,5,1,"IL-9 and IL-15 share the gamma chain receptor but no evidence IL-9 induces IL-15 production. IL-15 (not IL-9) regulates NKT homeostasis, terminal maturation, and stage 3 differentiation.",
NAME_AMBIGUOUS,Noggin,IL-36-alpha,HSPC,0.00790918,0.00618305,1,4,"Noggin is a BMP antagonist, not a classical immune cytokine. No evidence of a Noggin → IL-36-alpha axis in HSPCs in the immune literature.",
NAME_AMBIGUOUS,IL-27,Noggin,CD14 Mono,0.00396923,0.00293481,5,3,"Noggin is a BMP antagonist, not a classical immune cytokine. IL-27 modulates monocyte differentiation but no link to Noggin induction is documented.",
NAME_AMBIGUOUS,APRIL,Noggin,CD8 Naive,0.00396,0.00326536,3,3,"Noggin is a BMP antagonist not classically considered an immune cytokine. Noggin/BMP signaling affects T cell IL-2 transcription, but APRIL has no documented role in inducing Noggin in CD8 T cells.",Differential effects of inhibition of BMP signalling on T-cell activation — https://pubmed.ncbi.nlm.nih.gov/22144105/
NAME_AMBIGUOUS,VEGF,Noggin,NK CD56bright,0.00351201,0.00177914,7,1,Noggin is a BMP antagonist that opposes VEGF-driven vasculogenesis; it is not a classical immune cytokine. No published link between VEGF and Noggin induction in NK cells.,In vitro and In vivo imaging of antivasculogenesis induced by Noggin in human venous endothelial cells — https://pubmed.ncbi.nlm.nih.gov/19692649/
NAME_AMBIGUOUS,Noggin,CD40L,NK,0.000448695,0.000162884,4,1,"Noggin is a BMP antagonist, not a classical immune cytokine. No evidence linking Noggin to CD40L induction on NK cells in immune literature. CD40L on NK is regulated by IL-12/IFN-γ.",Regulation of CD40L expression on natural killer cells by interleukin-12 and interferon gamma — https://pubmed.ncbi.nlm.nih.gov/11129327/
NAME_AMBIGUOUS,IL-6,Noggin,CD14 Mono,0.000297929,0.000194905,3,2,"Noggin is a BMP antagonist not classically considered an immune cytokine. IL-6 has many monocyte effects (MDSC induction, MCP-1 induction) but no published evidence IL-6 induces Noggin expression in CD14+ monocytes.",IL-6 Induces Monocyte Chemotactic Protein-1 in PBMCs and U937 — https://ashpublications.org/blood/article/91/1/258/260347/Interleukin-6-Induces-Monocyte-Chemotactic-Protein
